{
  "RL_MET": {
    "mean": -4.536231544533036e-05,
    "std": 0.9853405416855441
  },
  "RL_Q_Change": {
    "mean": 4.46453437999946e-05,
    "std": 0.977734872529702
  },
  "RL_Y_Change": {
    "mean": -0.000412007733474617,
    "std": 0.980573091548378
  },
  "LL_MET": {
    "mean": -0.0001974580467649116,
    "std": 0.9758078624562433
  },
  "LL_Q_Change": {
    "mean": 0.0018505764823735858,
    "std": 0.9674432444016313
  },
  "LL_Y_Change": {
    "mean": -0.0009590704872444814,
    "std": 0.977946306087311
  },
  "EBITDA_MET": {
    "mean": -0.0014276764068932198,
    "std": 0.9784693128951999
  },
  "EBITDA_Q_Change": {
    "mean": -0.00025408310934523664,
    "std": 0.9620717476426239
  },
  "EBITDA_Y_Change": {
    "mean": -0.0010921987781931728,
    "std": 0.9773249640649572
  },
  "Preco_Abertura_MET": {
    "mean": -0.0015400404022371504,
    "std": 0.9866583985644831
  },
  "Preco_Abertura_Q_Change": {
    "mean": 0.00029225272159917923,
    "std": 0.9588064845244192
  },
  "Preco_Abertura_Y_Change": {
    "mean": 0.002398090066257478,
    "std": 0.97803770809212
  },
  "Preco_Fechamento_MET": {
    "mean": -0.0020687835264368184,
    "std": 0.9859933084874118
  },
  "Preco_Fechamento_Q_Change": {
    "mean": -0.00011593193358174651,
    "std": 0.9613913145838715
  },
  "Preco_Fechamento_Y_Change": {
    "mean": 0.0025384958547283254,
    "std": 0.9789453255623571
  },
  "LPA_MET": {
    "mean": 0.0012604931269530023,
    "std": 0.9695124039034082
  },
  "LPA_Q_Change": {
    "mean": -0.0006785492351596425,
    "std": 0.9627892083372774
  },
  "LPA_Y_Change": {
    "mean": 0.0018260615421076768,
    "std": 0.9664227182626287
  },
  "ROA_MET": {
    "mean": -0.0007597037425505778,
    "std": 0.9779668811599577
  },
  "ROA_Q_Change": {
    "mean": -0.0011083145878058795,
    "std": 0.9680985464487434
  },
  "ROA_Y_Change": {
    "mean": -0.0013851650010690655,
    "std": 0.9779056347532146
  },
  "ROE_MET": {
    "mean": -0.002491334810970805,
    "std": 0.9657389164927976
  },
  "ROE_Q_Change": {
    "mean": -0.00274352629430915,
    "std": 0.9623631708032383
  },
  "ROE_Y_Change": {
    "mean": -0.0010411653323768595,
    "std": 0.9679018646358578
  },
  "MEB_MET": {
    "mean": 5.326827115767674e-05,
    "std": 0.9692230665088628
  },
  "MEB_Q_Change": {
    "mean": 0.00031584378208168794,
    "std": 0.9667460760658718
  },
  "MEB_Y_Change": {
    "mean": -0.001987998971482899,
    "std": 0.9746843899531933
  },
  "CRESC_RL_12M_MET": {
    "mean": -0.00105686943181546,
    "std": 0.9748773046339968
  },
  "CRESC_RL_12M_Q_Change": {
    "mean": 0.0017551169579362728,
    "std": 0.9665753852753768
  },
  "CRESC_RL_12M_Y_Change": {
    "mean": 0.00010258072642992049,
    "std": 0.9801860122590071
  },
  "CRESC_LL_12M_MET": {
    "mean": 0.0021108135336189928,
    "std": 0.9448309406254107
  },
  "CRESC_LL_12M_Q_Change": {
    "mean": -0.0004320068693836025,
    "std": 0.9649923062305635
  },
  "CRESC_LL_12M_Y_Change": {
    "mean": 0.002286859418344928,
    "std": 0.9596644802291755
  },
  "CRESC_EBITDA_12M_MET": {
    "mean": -0.000814071583770057,
    "std": 0.963838472987369
  },
  "CRESC_EBITDA_12M_Q_Change": {
    "mean": 0.00020180847409080165,
    "std": 0.9716898664117433
  },
  "CRESC_EBITDA_12M_Y_Change": {
    "mean": -0.0004765485439141964,
    "std": 0.9694423923691441
  },
  "CAPEX_MET": {
    "mean": 0.0006922205616438009,
    "std": 0.9968905538799079
  },
  "CAPEX_Q_Change": {
    "mean": 0.008746976461058951,
    "std": 0.9773796665439164
  },
  "CAPEX_Y_Change": {
    "mean": -0.0035113573297679336,
    "std": 0.9903890408496603
  },
  "FCO_MET": {
    "mean": -0.000502380001392712,
    "std": 0.9812740608882388
  },
  "FCO_Q_Change": {
    "mean": 0.0009850021493468628,
    "std": 0.9737255800778203
  },
  "FCO_Y_Change": {
    "mean": 0.0001867911058424128,
    "std": 0.9832050131599996
  },
  "FCF_MET": {
    "mean": -0.00040205568992636724,
    "std": 0.9834413478709303
  },
  "FCF_Q_Change": {
    "mean": -0.0024419942364382555,
    "std": 0.9739272678253486
  },
  "FCF_Y_Change": {
    "mean": -0.0008505462459212009,
    "std": 0.9890570642542222
  },
  "Divida_Liquida_MET": {
    "mean": 0.0020859372776094124,
    "std": 0.9749128312656987
  },
  "Divida_Liquida_Q_Change": {
    "mean": 0.0012893858311578091,
    "std": 0.956610582670816
  },
  "Divida_Liquida_Y_Change": {
    "mean": 0.0012602112580058869,
    "std": 0.9781454825399926
  },
  "PL_MET": {
    "mean": 0.0009999341377578154,
    "std": 0.9725644885871788
  },
  "PL_Q_Change": {
    "mean": 0.0004487681385148315,
    "std": 0.9715774418512058
  },
  "PL_Y_Change": {
    "mean": -0.002421761793254239,
    "std": 0.9698764187469184
  },
  "Divida_Bruta_MET": {
    "mean": 0.0006983627736407212,
    "std": 0.946925947233525
  },
  "Divida_Bruta_Q_Change": {
    "mean": 0.004146130681704614,
    "std": 0.9383575951229659
  },
  "Divida_Bruta_Y_Change": {
    "mean": -0.0004778676029651769,
    "std": 0.9635690497530444
  },
  "AT_MET": {
    "mean": 0.0012992807459396584,
    "std": 0.977407240678603
  },
  "AT_Q_Change": {
    "mean": 0.005000804769562037,
    "std": 0.9613262095255749
  },
  "AT_Y_Change": {
    "mean": -0.004152045516302288,
    "std": 0.9749584680396727
  },
  "DVA_Despesas_Fin_MET": {
    "mean": -0.001986557939824142,
    "std": 0.9937515266914474
  },
  "DVA_Despesas_Fin_Q_Change": {
    "mean": 0.001771450514894292,
    "std": 0.9748385741178178
  },
  "DVA_Despesas_Fin_Y_Change": {
    "mean": 0.0009856683632691922,
    "std": 0.9713444136149302
  },
  "PC_MET": {
    "mean": -0.0011592101290286703,
    "std": 0.9804754733444457
  },
  "PC_Q_Change": {
    "mean": -0.0004181396834795079,
    "std": 0.9725127062262232
  },
  "PC_Y_Change": {
    "mean": 4.324003488581373e-05,
    "std": 0.980732255870181
  },
  "PNC_MET": {
    "mean": -0.0005412553461756273,
    "std": 0.9806983546118386
  },
  "PNC_Q_Change": {
    "mean": 0.0025246922385176807,
    "std": 0.9639142184562244
  },
  "PNC_Y_Change": {
    "mean": 0.0005298765288355303,
    "std": 0.979408335362334
  },
  "Outros_PC_MET": {
    "mean": -0.002227589612388857,
    "std": 0.9764848019762901
  },
  "Outros_PC_Q_Change": {
    "mean": 0.0005121144821621105,
    "std": 0.980366172472153
  },
  "Outros_PC_Y_Change": {
    "mean": 0.0019655162366317308,
    "std": 0.9781474196027684
  },
  "LUB_MET": {
    "mean": -0.0013426151694824124,
    "std": 0.9823898445353618
  },
  "LUB_Q_Change": {
    "mean": -0.0004958345989591349,
    "std": 0.9729778288514886
  },
  "LUB_Y_Change": {
    "mean": 0.0002690870905634342,
    "std": 0.980841087988363
  },
  "EPS_EarningsSurprise": {
    "mean": -0.0006785492351596425,
    "std": 0.9627892083372774
  },
  "EPS_Earnings_Surprise_Backward_Diff": {
    "mean": 0.0014735029858609471,
    "std": 0.9681597080614069
  },
  "EPS_Earnings_Surprise_Backward_Ave_Diff": {
    "mean": 0.00018068798427508235,
    "std": 0.968928454875078
  },
  "MA5": {
    "mean": -0.0005146879704407901,
    "std": 0.9875601799549473
  },
  "MA50": {
    "mean": -0.0004980682776057903,
    "std": 0.988424113132347
  },
  "MA200": {
    "mean": -0.001173112511554662,
    "std": 0.9861596009631611
  },
  "RSI9": {
    "mean": -0.0004910434451753467,
    "std": 0.9871464384143114
  },
  "RSI14": {
    "mean": -0.00030634820212404375,
    "std": 0.9883375451888434
  },
  "RSI30": {
    "mean": 0.0008844406844532077,
    "std": 0.9888301631372073
  },
  "MA5_50": {
    "mean": -0.0005082372997028497,
    "std": 0.9834182043194367
  },
  "MA5_200": {
    "mean": 0.0001534298470538617,
    "std": 0.988460292425968
  },
  "MA50_200": {
    "mean": -7.882517335759152e-05,
    "std": 0.9871881039460029
  },
  "MOM_1M": {
    "mean": -0.0011922811642132542,
    "std": 0.9802687435108346
  },
  "MOM_3M": {
    "mean": 0.000557600140916751,
    "std": 0.9829552019625032
  },
  "MOM_6M": {
    "mean": 0.001478065442159799,
    "std": 0.9840365536517454
  },