{
  "RL_MET": {
    "q_low": -2.3340195070461234,
    "q_high": 2.030081053949614
  },
  "RL_Q_Change": {
    "q_low": -2.3503956813006592,
    "q_high": 2.5477941044908023
  },
  "RL_Y_Change": {
    "q_low": -2.1212414815732523,
    "q_high": 2.230838838775272
  },
  "LL_MET": {
    "q_low": -2.3231259384249885,
    "q_high": 2.024703341846319
  },
  "LL_Q_Change": {
    "q_low": -2.852963956801659,
    "q_high": 2.5947257681700164
  },
  "LL_Y_Change": {
    "q_low": -2.2204931544388495,
    "q_high": 2.0392040057535645
  },
  "EBITDA_MET": {
    "q_low": -2.2798900859519304,
    "q_high": 2.0847593201662704
  },
  "EBITDA_Q_Change": {
    "q_low": -2.796300580722514,
    "q_high": 2.569778081010296
  },
  "EBITDA_Y_Change": {
    "q_low": -2.2094252471661218,
    "q_high": 2.117428692889292
  },
  "Preco_Abertura_MET": {
    "q_low": -1.9063943730464061,
    "q_high": 2.5170873050720957
  },
  "Preco_Abertura_Q_Change": {
    "q_low": -3.2931064403150834,
    "q_high": 2.199819791827951
  },
  "Preco_Abertura_Y_Change": {
    "q_low": -2.3855208956945297,
    "q_high": 2.1589530575086218
  },
  "Preco_Fechamento_MET": {
    "q_low": -1.9166701109383353,
    "q_high": 2.4960646261045696
  },
  "Preco_Fechamento_Q_Change": {
    "q_low": -3.338742351391114,
    "q_high": 2.2232837526410014
  },
  "Preco_Fechamento_Y_Change": {
    "q_low": -2.420483604748575,
    "q_high": 2.212820438846112
  },
  "LPA_MET": {
    "q_low": -2.2655557855367,
    "q_high": 2.2186186718165426
  },
  "LPA_Q_Change": {
    "q_low": -3.5248109580782905,
    "q_high": 2.586878402064313
  },
  "LPA_Y_Change": {
    "q_low": -2.323950592195479,
    "q_high": 2.0062839665747934
  },
  "ROA_MET": {
    "q_low": -2.283345800768449,
    "q_high": 2.154658937415315
  },
  "ROA_Q_Change": {
    "q_low": -2.9749650132221825,
    "q_high": 2.5511224910186474
  },
  "ROA_Y_Change": {
    "q_low": -2.297433402973008,
    "q_high": 2.1408531345554955
  },
  "ROE_MET": {
    "q_low": -2.268758284890479,
    "q_high": 2.3165828738897885
  },
  "ROE_Q_Change": {
    "q_low": -3.1029126289033884,
    "q_high": 2.626816953964701
  },
  "ROE_Y_Change": {
    "q_low": -2.3848932455975036,
    "q_high": 2.1749101061472773
  },
  "MEB_MET": {
    "q_low": -2.402785168120701,
    "q_high": 2.2098124946206
  },
  "MEB_Q_Change": {
    "q_low": -2.7736113176395185,
    "q_high": 2.771904576086729
  },
  "MEB_Y_Change": {
    "q_low": -2.259194258225725,
    "q_high": 2.2639160506652747
  },
  "CRESC_RL_12M_MET": {
    "q_low": -1.9255404692724651,
    "q_high": 2.5088650288406282
  },
  "CRESC_RL_12M_Q_Change": {
    "q_low": -2.482083740541196,
    "q_high": 2.5067508860655576
  },
  "CRESC_RL_12M_Y_Change": {
    "q_low": -2.2220220379061604,
    "q_high": 2.3129930814712663
  },
  "CRESC_LL_12M_MET": {
    "q_low": -2.3715382490526524,
    "q_high": 3.3013577591281225
  },
  "CRESC_LL_12M_Q_Change": {
    "q_low": -2.971737416699098,
    "q_high": 3.133512484161069
  },
  "CRESC_LL_12M_Y_Change": {
    "q_low": -2.632000890585681,
    "q_high": 2.846910983689592
  },
  "CRESC_EBITDA_12M_MET": {
    "q_low": -2.107944170319395,
    "q_high": 3.0260194111120082
  },
  "CRESC_EBITDA_12M_Q_Change": {
    "q_low": -2.7704899868418953,
    "q_high": 2.809335995758547
  },
  "CRESC_EBITDA_12M_Y_Change": {
    "q_low": -2.3958085957101964,
    "q_high": 2.5842218303180893
  },
  "CAPEX_MET": {
    "q_low": -1.7865651141191545,
    "q_high": 1.3335335529022847
  },
  "CAPEX_Q_Change": {
    "q_low": -2.4242408541416918,
    "q_high": 1.5667137370060333
  },
  "CAPEX_Y_Change": {
    "q_low": -1.9699082002257386,
    "q_high": 1.6785872177311318
  },
  "FCO_MET": {
    "q_low": -2.161368010251299,
    "q_high": 2.206208596131381
  },
  "FCO_Q_Change": {
    "q_low": -2.436584769656832,
    "q_high": 2.5236391037466275
  },
  "FCO_Y_Change": {
    "q_low": -2.1879653292053725,
    "q_high": 2.288611063320983
  },
  "FCF_MET": {
    "q_low": -2.0704531318088137,
    "q_high": 2.390510701176654
  },
  "FCF_Q_Change": {
    "q_low": -2.6564670100763763,
    "q_high": 2.457749818761194
  },
  "FCF_Y_Change": {
    "q_low": -2.294593297778305,
    "q_high": 2.1589920561703018
  },
  "Divida_Liquida_MET": {
    "q_low": -2.3608314384533524,
    "q_high": 2.3714455853357816
  },
  "Divida_Liquida_Q_Change": {
    "q_low": -2.9991761360958686,
    "q_high": 3.0283758822520848
  },
  "Divida_Liquida_Y_Change": {
    "q_low": -2.135371963958255,
    "q_high": 2.370287270416664
  },
  "PL_MET": {
    "q_low": -2.355034424908194,
    "q_high": 1.9923088105994164
  },
  "PL_Q_Change": {
    "q_low": -2.551224160475677,
    "q_high": 3.7520118806751044
  },
  "PL_Y_Change": {
    "q_low": -1.9740653560215622,
    "q_high": 2.5872906928623975
  },
  "Divida_Bruta_MET": {
    "q_low": -2.1370373477592537,
    "q_high": 2.409362774758026
  },
  "Divida_Bruta_Q_Change": {
    "q_low": -2.4198968783541615,
    "q_high": 3.2259115410072217
  },
  "Divida_Bruta_Y_Change": {
    "q_low": -1.98613448023993,
    "q_high": 2.517110110888498
  },
  "AT_MET": {
    "q_low": -2.153284308956162,
    "q_high": 2.258137438649824
  },
  "AT_Q_Change": {
    "q_low": -2.2093360485687086,
    "q_high": 3.4761481006936847
  },
  "AT_Y_Change": {
    "q_low": -1.9446361906047966,
    "q_high": 2.4316051831695975
  },
  "DVA_Despesas_Fin_MET": {
    "q_low": -1.736184812804903,
    "q_high": 1.800922551173955
  },
  "DVA_Despesas_Fin_Q_Change": {
    "q_low": -1.7967727019213122,
    "q_high": 2.0039411897026405
  },
  "DVA_Despesas_Fin_Y_Change": {
    "q_low": -1.5694440127173641,
    "q_high": 1.9450821290836986
  },
  "PC_MET": {
    "q_low": -1.8906678048852386,
    "q_high": 2.60427406942627
  },
  "PC_Q_Change": {
    "q_low": -2.755137534713699,
    "q_high": 2.7576332799630325
  },
  "PC_Y_Change": {
    "q_low": -2.1404470627174184,
    "q_high": 2.392052207543988
  },
  "PNC_MET": {
    "q_low": -1.9438724983740259,
    "q_high": 2.3528011717867763
  },
  "PNC_Q_Change": {
    "q_low": -2.3936090047304655,
    "q_high": 3.2334297904190605
  },
  "PNC_Y_Change": {
    "q_low": -2.060488730539301,
    "q_high": 2.478475252332099
  },
  "Outros_PC_MET": {
    "q_low": -1.759516513672666,
    "q_high": 2.777756324275735
  },
  "Outros_PC_Q_Change": {
    "q_low": -2.7710394325115897,
    "q_high": 2.7248355387128234
  },
  "Outros_PC_Y_Change": {
    "q_low": -2.270832461697783,
    "q_high": 2.3907969093752337
  },
  "LUB_MET": {
    "q_low": -2.2305869651726935,
    "q_high": 2.0779929191728836
  },
  "LUB_Q_Change": {
    "q_low": -2.4008176978485607,
    "q_high": 2.456004765989722
  },
  "LUB_Y_Change": {
    "q_low": -2.089482398301059,
    "q_high": 2.1811383714891566
  },
  "EPS_EarningsSurprise": {
    "q_low": -3.5248109580782905,
    "q_high": 2.586878402064313
  },
  "EPS_Earnings_Surprise_Backward_Diff": {
    "q_low": -2.723214352863172,
    "q_high": 2.814085862378718
  },
  "EPS_Earnings_Surprise_Backward_Ave_Diff": {
    "q_low": -3.0403234888366484,
    "q_high": 2.4264598896069636
  },
  "MA5": {
    "q_low": -2.0156720800146735,
    "q_high": 2.1956482230592207
  },
  "MA50": {
    "q_low": -1.9607990113254599,
    "q_high": 2.212206521258794
  },
  "MA200": {
    "q_low": -2.017450249482078,
    "q_high": 2.0323093381585613
  },
  "RSI9": {
    "q_low": -2.1801982097258397,
    "q_high": 2.1268791163047585
  },
  "RSI14": {
    "q_low": -2.214494768649878,
    "q_high": 2.1688267495050546
  },
  "RSI30": {
    "q_low": -2.205976361725975,
    "q_high": 2.224384703325221
  },
  "MA5_50": {
    "q_low": -2.4369204832158804,
    "q_high": 2.2691017017636437
  },
  "MA5_200": {
    "q_low": -2.137949389011787,
    "q_high": 2.2262186565581015
  },
  "MA50_200": {
    "q_low": -2.1909117860526046,
    "q_high": 2.1380516556175433
  },
  "MOM_1M": {
    "q_low": -2.487519390696971,
    "q_high": 2.281557390379703
  },
  "MOM_3M": {
    "q_low": -2.411248747663578,
    "q_high": 2.1158699904278526
  },