Year,Quarter,Quantile,N,MeanCAR30
2017,2,1,25,0.057716257010877244
2017,2,2,25,0.02928523031235346
2017,2,3,25,0.007611015277257001
2017,2,4,25,-0.004769652603750852
2017,2,5,25,-0.10574656557755607
