Year,Quarter,Quantile,N,MeanCAR30
2017,1,1,24,0.08788161284221974
2017,1,2,24,0.013226868209817172
2017,1,3,24,-0.013273033242306394
2017,1,4,24,-0.006057918400797678
2017,1,5,24,-0.02648673671483692
