Year,Quarter,Quantile,N,MeanCAR30
2018,1,1,25,0.05797300914029236
2018,1,2,24,0.007794101852707193
2018,1,3,24,0.017259050064150003
2018,1,4,24,-0.035199378556923434
2018,1,5,24,-0.0465680661925541
