Year,Quarter,Quantile,N,MeanCAR30
2017,4,1,26,-0.0009266562896674167
2017,4,2,25,0.0015257392426795407
2017,4,3,26,-0.016026948795981575
2017,4,4,25,-0.019027997590589044
2017,4,5,26,-0.019019940470268646
