Year,Quarter,Quantile,N,MeanCAR30
2017,3,1,26,0.07181698251259906
2017,3,2,25,0.058218740275168795
2017,3,3,25,0.0005372199303478103
2017,3,4,25,0.042649340709596084
2017,3,5,26,-0.035393614115335814
