Year,Quarter,Quantile,N,MeanCAR30
2018,2,1,28,0.01365090658760811
2018,2,2,27,-0.04336194467200467
2018,2,3,28,-0.018904330811379818
2018,2,4,27,0.0010806850674288067
2018,2,5,28,-0.04723501953421773
