Year,Accuracy_mean,Accuracy_std
2017,0.6120000000000001,1.1102230246251565e-16
2018,0.575525812619503,1.1102230246251565e-16
2019,0.49806201550387613,1.6653345369377348e-16
