Year,Accuracy_mean,Accuracy_std
2017,0.6,0.0
2018,0.5162523900573612,1.1102230246251565e-16
2019,0.5232558139534885,1.1102230246251565e-16
